Week,Month,M,T,W,T,F,S,S
週,月,一,二,三,四,五,六,日
1,九,,1,2,3,4,5,6
2,九,8,9,10,11,12,13,
3,九,15,16,17,18,19,20,
4,九,21,22,23,24,25,26,27
5,九,28,29,30,,,,
5,十,,,,1,2,3,4
6,十,6,7,8,9,10,11,
7,十,13,14,15,16,17,18,
8,十,19,20,21,22,23,24,25
9,十,26,27,28,29,30,31,
9,十一,,,,,,,1
10,十一,3,4,5,6,7,8,
11,十一,9,10,11,12,13,14,15
12,十一,17,18,19,20,21,22,
13,十一,23,24,25,26,27,28,29
14,十一,30,,,,,,
14,十二,,1,2,3,4,5,6
15,十二,8,9,10,11,12,13,
16,十二,15,16,17,18,19,20,
17,十二,22,23,24,25,26,27,
18,十二,28,29,30,31,,,
18,一,,,,,1,2,3
19,一,4,5,6,7,8,9,10
20,一,12,13,14,15,16,17,
21,一,18,19,20,21,22,23,24
22,一,25,26,27,28,29,30,31
23,二,1,2,3,4,5,6,7
24,二,8,9,10,11,12,13,14
25,二,15,16,17,18,19,20,21
26,二,22,23,24,25,26,27,28
27,三,1,2,3,4,5,6,7
28,三,8,9,10,11,12,13,14
29,三,15,16,17,18,19,20,21
30,三,22,23,24,25,26,27,28
31,三,29,30,31,,,,
31,四,,,,1,2,3,4
32,四,5,6,7,8,9,10,11
33,四,12,13,14,15,16,17,18
34,四,19,20,21,22,23,24,25
35,四,26,27,28,29,30,,
35,五,,,,,,1,2
36,五,3,4,5,6,7,8,9
37,五,11,12,13,14,15,16,
38,五,18,19,20,21,22,23,
39,五,24,25,26,27,28,29,30
40,五,31,,,,,,
40,六,,1,2,3,4,5,6
41,六,8,9,10,11,12,13,
42,六,15,16,17,18,19,20,
43,六,21,22,23,24,25,26,27
44,六,28,29,30,,,,
44,七,,,,1,2,3,4
45,七,6,7,8,9,10,11,
46,七,13,14,15,16,17,18,
47,七,19,20,21,22,23,24,25
48,七,26,27,28,29,30,31,
48,八,,,,,,,1
49,八,2,3,4,5,6,7,8
50,八,10,11,12,13,14,15,
51,八,17,18,19,20,21,22,
52,八,23,24,25,26,27,28,29
53,八,30,31,,,,,
